metric,value
accuracy,0.08030267675589187
precision,0.24819907717051423
recall,0.08030267675589187
f1_score,0.019360094545052612
