metric,value
accuracy,0.7076902563418781
precision,0.6482241652049239
recall,0.7076902563418781
f1_score,0.6144421466195277
