metric,value
accuracy,0.39616980849042455
precision,0.2855718409210398
recall,0.39616980849042455
f1_score,0.30685141338811467
