stars,proportion
5,0.44355
4,0.2546
3,0.11375
1,0.1095
2,0.0786
