metric,value
accuracy,0.07960398019900995
precision,0.3470461796436442
recall,0.07960398019900995
f1_score,0.020275194797392305
