metric,value
accuracy,0.6734836741837091
precision,0.5143140518510328
recall,0.6734836741837091
f1_score,0.5658320449173618
