metric,value
accuracy,0.11495574778738937
precision,0.5586647699022541
recall,0.11495574778738937
f1_score,0.02655214176698218
