stars,proportion
Pozytywna,0.699
Negatywna,0.18723333333333333
Neutralna,0.11376666666666667
