metric,value
accuracy,0.11457048568285609
precision,0.6919181934156265
recall,0.11457048568285609
f1_score,0.02533184794256542
