stars,proportion
5,0.4448666666666667
4,0.2541333333333333
3,0.11376666666666667
1,0.10913333333333333
2,0.0781
