metric,value
accuracy,0.44341478049268307
precision,0.3771199820209923
recall,0.44341478049268307
f1_score,0.32836051423531704
